
[
  {
    "id": "1",
    "url": "/avatar/default.jpg"
  },
  {
    "id": "2",
    "url": "/avatar/20180414165920.jpg"
  },
  {
    "id": "3",
    "url": "/avatar/20180414165927.jpg"
  },
  {
    "id": "4",
    "url": "/avatar/20180414165754.jpg"
  },
  {
    "id": "5",
    "url": "/avatar/20180414165815.jpg"
  },
  {
    "id": "6",
    "url": "/avatar/20180414165821.jpg"
  },
  {
    "id": "7",
    "url": "/avatar/20180414165827.jpg"
  },
  {
    "id": "8",
    "url": "/avatar/20180414165834.jpg"
  },
  {
    "id": "9",
    "url": "/avatar/20180414165840.jpg"
  },
  {
    "id": "10",
    "url": "/avatar/20180414165846.jpg"
  },
  {
    "id": "11",
    "url": "/avatar/20180414165855.jpg"
  },
  {
    "id": "12",
    "url": "/avatar/20180414165909.jpg"
  },
  {
    "id": "13",
    "url": "/avatar/20180414165914.jpg"
  },
  {
    "id": "14",
    "url": "/avatar/20180414165936.jpg"
  },
  {
    "id": "15",
    "url": "/avatar/20180414165942.jpg"
  },
  {
    "id": "16",
    "url": "/avatar/20180414165947.jpg"
  },
  {
    "id": "17",
    "url": "/avatar/20180414165955.jpg"
  },
  {
    "id": "18",
    "url": "/avatar/20180414170003.jpg"
  }
]
